
DELETE FROM STORE_INFORMATION;
DELETE FROM GEOGRAPHY;

INSERT INTO GEOGRAPHY (GEOGRAPHY_ID,REGION_NAME) values (1,'East');
INSERT INTO GEOGRAPHY (GEOGRAPHY_ID,REGION_NAME) values (2,'West');
INSERT INTO STORE_INFORMATION (STORE_ID,STORE_NAME,SALES,STORE_DATE,GEOGRAPHY_ID) VALUES (1,'Boston',2200,TO_TIMESTAMP('2018-03-09 00:00:00','YYYY-MM-DD HH24:MI:SS'),1);
INSERT INTO STORE_INFORMATION (STORE_ID,STORE_NAME,SALES,STORE_DATE,GEOGRAPHY_ID) VALUES (2,'Los Angeles',1400,TO_TIMESTAMP('2018-04-05 00:00:00','YYYY-MM-DD HH24:MI:SS'),2);
INSERT INTO STORE_INFORMATION (STORE_ID,STORE_NAME,SALES,STORE_DATE,GEOGRAPHY_ID) VALUES (3,'San Diego',250,TO_TIMESTAMP('2018-01-07 00:00:00','YYYY-MM-DD HH24:MI:SS'),2);
INSERT INTO STORE_INFORMATION (STORE_ID,STORE_NAME,SALES,STORE_DATE,GEOGRAPHY_ID) VALUES (4,'Los Angeles',300,TO_TIMESTAMP('2018-02-07 00:00:00','YYYY-MM-DD HH24:MI:SS'),2);
INSERT INTO STORE_INFORMATION (STORE_ID,STORE_NAME,SALES,STORE_DATE,GEOGRAPHY_ID) VALUES (5,'Albany, Crossgates',2500,TO_TIMESTAMP('2018-05-15 00:00:00','YYYY-MM-DD HH24:MI:SS'),2);
INSERT INTO STORE_INFORMATION (STORE_ID,STORE_NAME,SALES,STORE_DATE,GEOGRAPHY_ID) VALUES (6,'Buffalo, Walden Galleria',3000,TO_TIMESTAMP('2018-06-10 00:00:00','YYYY-MM-DD HH24:MI:SS'),NULL);
INSERT INTO STORE_INFORMATION (STORE_ID,STORE_NAME,SALES,STORE_DATE,GEOGRAPHY_ID) VALUES (7,'San Diego',500,TO_TIMESTAMP('2018-02-15 00:00:00','YYYY-MM-DD HH24:MI:SS'),2);
INSERT INTO STORE_INFORMATION (STORE_ID,STORE_NAME,SALES,STORE_DATE,GEOGRAPHY_ID) VALUES (8,'Los Angeles',1600,TO_TIMESTAMP('2018-02-07 00:00:00','YYYY-MM-DD HH24:MI:SS'),2);
INSERT INTO STORE_INFORMATION (STORE_ID,STORE_NAME,SALES,STORE_DATE,GEOGRAPHY_ID) VALUES (9,'Boston',1500,TO_TIMESTAMP('2018-03-09 00:00:00','YYYY-MM-DD HH24:MI:SS'),1);


DELETE FROM STUDENT_COURSE;
DELETE FROM COURSE;
DELETE FROM STUDENT;

INSERT INTO "COURSE" (COURSE_ID, NAME, INSTRUCTOR) VALUES ('1', '國文', '朱媽');
INSERT INTO "COURSE" (COURSE_ID, NAME, INSTRUCTOR) VALUES ('2', '數學', '凡清');
INSERT INTO "COURSE" (COURSE_ID, NAME, INSTRUCTOR) VALUES ('3', '英文', '高國華');
INSERT INTO "COURSE" (COURSE_ID, NAME, INSTRUCTOR) VALUES ('4', '理化', '阿飛');
INSERT INTO "COURSE" (COURSE_ID, NAME, INSTRUCTOR) VALUES ('5', '物理', '簡杰');
INSERT INTO "COURSE" (COURSE_ID, NAME, INSTRUCTOR) VALUES ('6', '歷史', '呂杰');
INSERT INTO "COURSE" (COURSE_ID, NAME, INSTRUCTOR) VALUES ('7', '地理', '王剛');

INSERT INTO "STUDENT" (STUDENT_ID, NAME, MAJOR, CLASSYEAR) VALUES ('1', '劉備', '資訊管理', '大二');
INSERT INTO "STUDENT" (STUDENT_ID, NAME, MAJOR, CLASSYEAR) VALUES ('2', '關羽', '資訊工程', '大一');
INSERT INTO "STUDENT" (STUDENT_ID, NAME, MAJOR, CLASSYEAR) VALUES ('3', '張飛', '企業管理', '大三');
INSERT INTO "STUDENT" (STUDENT_ID, NAME, MAJOR, CLASSYEAR) VALUES ('4', '趙雲', '財務金融', '大二');
INSERT INTO "STUDENT" (STUDENT_ID, NAME, MAJOR, CLASSYEAR) VALUES ('5', '馬超', '應用外語', '碩二');
INSERT INTO "STUDENT" (STUDENT_ID, NAME, MAJOR, CLASSYEAR) VALUES ('6', '黃忠', '國際貿易', '大一');

INSERT INTO "STUDENT_COURSE" (STUDENT_ID, COURSE_ID) VALUES ('1', '1');
INSERT INTO "STUDENT_COURSE" (STUDENT_ID, COURSE_ID) VALUES ('1', '3');
INSERT INTO "STUDENT_COURSE" (STUDENT_ID, COURSE_ID) VALUES ('2', '1');
INSERT INTO "STUDENT_COURSE" (STUDENT_ID, COURSE_ID) VALUES ('3', '1');
INSERT INTO "STUDENT_COURSE" (STUDENT_ID, COURSE_ID) VALUES ('3', '2');
INSERT INTO "STUDENT_COURSE" (STUDENT_ID, COURSE_ID) VALUES ('3', '5');
INSERT INTO "STUDENT_COURSE" (STUDENT_ID, COURSE_ID) VALUES ('5', '6');
INSERT INTO "STUDENT_COURSE" (STUDENT_ID, COURSE_ID) VALUES ('6', '6');

COMMIT;